date,node,reach_id,pred,se
2023-05-20,1,44230000831,-0.0359215832373489,0.0166361701795418
2023-05-20,2,44230000821,-0.0359215812780601,0.0166361696592404
2023-05-20,3,44230000841,-0.0359215843531241,0.0166361705379865
2023-05-20,4,44230000851,-0.0359215852164639,0.0166361709366135
2023-05-20,5,44230000861,-0.0359215858383159,0.0166361713730764
2023-05-20,6,44230000871,-0.0359215864890878,0.0166361718964964
2023-05-20,7,44250000011,-0.0440955441292373,0.0174679001549961
2023-05-20,8,44250000021,-0.0440955458575119,0.0174679010811841
2023-05-20,9,44250000031,-0.0440955475825557,0.0174679020057138
2023-05-20,10,44250000041,-0.0440955485516116,0.0174679025251073
2023-05-20,11,44250000061,-0.0245449970167471,0.0148288721141382
2023-05-20,12,44250000421,-0.00356996635662372,0.0559420059270911
2023-05-20,13,44250000431,-0.00356996655681596,0.0559420091365656
2023-05-20,14,44250000071,-0.025559918427785,0.0152962022216203
2023-05-20,15,44250000081,-0.0255599190836799,0.015296202471728
2023-05-20,16,44250000091,-0.0255599197468821,0.0152962027301624
2023-05-20,17,44250000101,-0.0255599204145692,0.0152962029903569
2023-05-20,18,44250000111,-0.0255599222472639,0.0152962035194805
2023-05-20,19,44250000131,-0.0274381246248199,0.0158945502229529
2023-05-20,20,44250000141,-0.0274381273042284,0.0158945508274296
2023-05-20,21,44250000151,-0.0274381286838026,0.0158945511553966
2023-05-20,22,44250000181,-0.0279517082761608,0.0160567216296002
2023-05-20,23,44250000191,-0.0279517098301109,0.0160567220065831
2023-05-20,24,44250000371,-0.0295948766349344,0.0163564924654521
2023-05-20,25,44250000381,-0.0295948780148191,0.0163564928109139
2023-05-20,26,44250000391,-0.0295948793996291,0.0163564931787837
2023-05-20,27,44250000401,-0.0295948821733295,0.0163564939866246
2023-05-20,28,44271000011,-0.0179516763105763,0.0197967199155972
2023-05-20,29,44261000011,-0.0458009699689434,0.0195269238021526
2023-05-20,30,44261000061,-0.0510895172459633,0.0246329676069349
2023-05-20,31,44261000024,-0.0458009700836362,0.0195269238392711
2023-05-20,32,44261000031,-0.0449264882553362,0.0210570300463514
2023-05-20,33,44250000201,-0.0130368245712479,0.0205691659465108
2023-05-20,34,44250000211,-0.0130368250565551,0.0205691664824031
2023-05-20,35,44250000221,-0.0130368255436904,0.0205691670203192
2023-05-20,36,44250000231,-0.0130368259669976,0.0205691676548447
2023-05-20,37,44250000161,-0.0173463198939918,0.024351267312003
2023-05-20,38,44250000121,0.0113780107869498,0.0552277585458263
2023-05-20,39,44250000051,-0.0493868155783734,0.0192176377158145
2023-05-20,40,44240100011,0.0158400719512398,0.0143593948621985
2023-05-20,41,44240300011,-0.0142139997596748,0.0151915707810455
2023-05-20,42,44240300021,-0.014214000505772,0.0151915713365463
2023-05-20,43,44240500011,-0.00101313001411516,0.0158399308456883
2023-05-20,44,44240500021,-0.00101312977973992,0.0158399312575665
2023-05-20,45,44240500031,-0.00101312954595681,0.0158399316684057
2023-05-20,46,44240500041,-0.00101312940846228,0.0158399320899496
2023-05-20,47,44240500051,-0.00101312927095231,0.0158399325115413
2023-05-20,48,44240500061,-0.00101312913356991,0.0158399329327425
2023-05-20,49,44240500071,-0.00101312894281902,0.0158399335068805
2023-05-20,50,44240500081,-0.0010131290058308,0.0158399343493276
2023-05-20,51,44240500091,-0.00101312972461538,0.0158399351389619
2023-05-20,52,44240500101,-0.00101313041667677,0.0158399358992523
2023-05-20,53,44240500211,-0.00101313081640344,0.0158399363383932
2023-05-20,54,44240500221,-0.00101313158897072,0.0158399367647077
2023-05-20,55,44240500231,-0.00101313246308308,0.0158399372470758
2023-05-20,56,44240500241,-0.00101313315675451,0.0158399377232339
2023-05-20,57,44240500251,-0.0010131337824405,0.01583993822729
2023-05-20,58,44240500121,0.000977747686479196,0.0243801664378665
2023-05-20,59,44240500111,-0.00138862453934728,0.0167005101058941
2023-05-20,60,44240700011,-0.0362876435908188,0.024891894847268
2023-05-20,61,44240600011,0.067593061396942,0.0415182815502389
2023-05-20,62,44240400011,-0.0272638815306334,0.0179663206685608
2023-05-20,63,44240400021,-0.0272638830431569,0.0179663213779845
2023-05-20,64,44240400031,-0.0272638845146633,0.0179663220682223
2023-05-20,65,44240400041,-0.0272638854583084,0.0179663225108841
2023-05-20,66,44240400051,-0.0272638863979164,0.0179663229516733
2023-05-20,67,44240400061,-0.0272638879333043,0.0179663236720003
2023-05-20,68,44240400071,-0.0272638894639244,0.0179663243901467
2023-05-20,69,44240400101,-0.0272638902290577,0.017966324749158
2023-05-20,70,44240400111,-0.0272638909968818,0.0179663251094459
2023-05-20,71,44240400121,-0.0272638917682875,0.0179663254714286
2023-05-20,72,44240400131,-0.0272638926712142,0.0179663258951458
2023-05-20,73,44240400541,-0.0272638935296975,0.017966326298025
2023-05-20,74,44240400551,-0.0272638943936968,0.0179663267035107
2023-05-20,75,44240400561,-0.00305997031230661,0.0559414241999246
2023-05-20,76,44240400171,-0.0324504507691306,0.0181754943042373
2023-05-20,77,44240400181,-0.0324504518249945,0.018175494699126
2023-05-20,78,44240400191,-0.0324504530130982,0.0181754951468169
2023-05-20,79,44240400201,-0.0324504554321498,0.0181754960148941
2023-05-20,80,44240400211,-0.0324504565938925,0.0181754964990599
2023-05-20,81,44240200011,0.0611632524208074,0.0154069336384738
2023-05-20,82,44240200021,0.0611632547615957,0.0154069342943429
2023-05-20,83,44240200031,0.0611632585244973,0.0154069353489966
2023-05-20,84,44240200041,0.0611632622959632,0.0154069364064471
2023-05-20,85,44240200051,0.0611632660659637,0.0154069374638835
2023-05-20,86,44240200061,0.0611632688294896,0.0154069382392688
2023-05-20,87,44240200071,0.0611632708494911,0.015406938806172
2023-05-20,88,44240200081,0.0611632728601997,0.0154069393705804
2023-05-20,89,44240200091,0.0611632748770424,0.0154069399368239
2023-05-20,90,44240200101,0.0611632768904581,0.0154069405022185
2023-05-20,91,44240200111,0.0611632788980035,0.0154069410660773
2023-05-20,92,44240200211,-0.00501010271381019,0.0242722914267754
2023-05-20,93,44240200861,-0.00501010287659089,0.0242722921387231
2023-05-20,94,44240200971,-0.00501010336418274,0.0242722942712875
2023-05-20,95,44240200881,-0.00501010320156794,0.0242722935600641
2023-05-20,96,44240200981,-0.00501010353087897,0.0242722950003624
2023-05-20,97,44240200991,-0.00501010369736974,0.024272295728539
2023-05-20,98,44240201001,-0.00501010386158669,0.0242722966121469
2023-05-20,99,44240201011,-0.00501010402602351,0.0242722974969383
2023-05-20,100,44240200121,0.0743389642554134,0.0157500146528829
2023-05-20,101,44240200131,0.0743389673357504,0.0157500154488828
2023-05-20,102,44240200141,0.0743389713345091,0.0157500164826015
2023-05-20,103,44240200221,0.0743389734552459,0.0157500170310101
2023-05-20,104,44240200231,0.0743389756671664,0.0157500176153135
2023-05-20,105,44240200351,0.0743389779034375,0.0157500182274859
2023-05-20,106,44240200361,0.0743389821591182,0.0157500194681444
2023-05-20,107,44240200371,0.110582102133651,0.016874004001326
2023-05-20,108,44240200381,0.110582105448855,0.0168740047687538
2023-05-20,109,44240200391,0.110582108607612,0.0168740055569396
2023-05-20,110,44240200401,0.11058211153327,0.0168740063573659
2023-05-20,111,44240200411,0.110582114606688,0.0168740072015473
2023-05-20,112,44240200421,0.110582117685223,0.016874008047375
2023-05-20,113,44240200431,0.110582120785698,0.016874008899475
2023-05-20,114,44240200531,0.0133808298822473,0.0237857314026159
2023-05-20,115,44240200541,0.0133808305231157,0.0237857327192397
2023-05-20,116,44240200441,0.149205155921987,0.0188796618656915
2023-05-20,117,44240200461,0.149205163375603,0.0188796636150185
2023-05-20,118,44240200454,0.14920515613238,0.0188796619150524
2023-05-20,119,44240200261,0.0134043396963299,0.0239799495411818
2023-05-20,120,44240200551,-0.0194537501202762,0.0192699080125606
2023-05-20,121,44240200561,-0.0194537512875229,0.019269908582085
2023-05-20,122,44240200571,-0.0194537521302151,0.0192699092305714
2023-05-20,123,44240200581,-0.0194537527820514,0.0192699099551645
2023-05-20,124,44240200601,-0.0194537534801678,0.0192699107312138
2023-05-20,125,44240200594,-0.0194537528093123,0.0192699099854684
2023-05-20,126,44240200621,-0.0194537546496904,0.0192699120313184
2023-05-20,127,44240200614,-0.0194537535049101,0.0192699107587184
2023-05-20,128,44240200631,-0.0194537557914138,0.0192699133005493
2023-05-20,129,44240200641,-0.0194537569306917,0.0192699145670904
2023-05-20,130,44240200271,0.0510366825044596,0.0463539592459431
2023-05-20,131,44240200281,0.0510366842198156,0.0463539609435358
2023-05-20,132,44240200301,0.0510366888661543,0.0463539655418962
2023-05-20,133,44240200291,0.0510366864616898,0.0463539631622353
2023-05-20,134,44230000811,-0.0359215797274585,0.0166361692475388
2023-05-20,135,44240200871,-0.00501010303899924,0.0242722928490427
2023-05-20,136,44230000801,-0.0359215785515339,0.0166361689353594
2023-05-20,137,44230000791,-0.035921577373917,0.0166361686227666
2023-05-20,138,44230000681,-0.0359215761984222,0.0166361683107728
2023-05-20,139,44230000671,-0.0359215750223781,0.016636167998669
2023-05-20,140,,-0.0359215738439087,0.0166361676859573
2023-05-25,1,44230000831,0,
2023-05-25,2,44230000821,0,
2023-05-25,3,44230000841,0,
2023-05-25,4,44230000851,0,
2023-05-25,5,44230000861,0,
2023-05-25,6,44230000871,0,
2023-05-25,7,44250000011,0,
2023-05-25,8,44250000021,0,
2023-05-25,9,44250000031,0,
2023-05-25,10,44250000041,0,
2023-05-25,11,44250000061,0,
2023-05-25,12,44250000421,0,
2023-05-25,13,44250000431,0,
2023-05-25,14,44250000071,0,
2023-05-25,15,44250000081,0,
2023-05-25,16,44250000091,0,
2023-05-25,17,44250000101,0,
2023-05-25,18,44250000111,0,
2023-05-25,19,44250000131,0,
2023-05-25,20,44250000141,-1.88877008330767e-222,
2023-05-25,21,44250000151,-5.67323043933081e-152,
2023-05-25,22,44250000181,-2.57222292115183e-78,
2023-05-25,23,44250000191,-7.43593057748188e-05,
2023-05-25,24,44250000371,-1.23868693361924e-66,
2023-05-25,25,44250000381,-0.000250344672671704,
2023-05-25,26,44250000391,-0.00039966559003876,
2023-05-25,27,44250000401,-5.72749718341636e-134,
2023-05-25,28,44271000011,-2.54807169485468e-266,
2023-05-25,29,44261000011,-9.13639462875594e-181,
2023-05-25,30,44261000061,-1.03573234215946e-282,
2023-05-25,31,44261000024,-8.63054496325504e-186,
2023-05-25,32,44261000031,-7.54793243178374e-270,
2023-05-25,33,44250000201,-0.000186349993800111,
2023-05-25,34,44250000211,-3.42346273559353e-75,
2023-05-25,35,44250000221,-3.40512395417706e-146,
2023-05-25,36,44250000231,-8.76545213063106e-215,
2023-05-25,37,44250000161,9.31818625236093e-216,
2023-05-25,38,44250000121,0,
2023-05-25,39,44250000051,0,
2023-05-25,40,44240100011,0,
2023-05-25,41,44240300011,0,
2023-05-25,42,44240300021,0,
2023-05-25,43,44240500011,0,
2023-05-25,44,44240500021,0,
2023-05-25,45,44240500031,0,
2023-05-25,46,44240500041,0,
2023-05-25,47,44240500051,0,
2023-05-25,48,44240500061,0,
2023-05-25,49,44240500071,0,
2023-05-25,50,44240500081,0,
2023-05-25,51,44240500091,0,
2023-05-25,52,44240500101,0,
2023-05-25,53,44240500211,0,
2023-05-25,54,44240500221,0,
2023-05-25,55,44240500231,1.95446358678503e-265,
2023-05-25,56,44240500241,5.3798027497895e-191,
2023-05-25,57,44240500251,2.53900620784301e-116,
2023-05-25,58,44240500121,2.14226692338795e-223,
2023-05-25,59,44240500111,1.94211310111034e-77,
2023-05-25,60,44240700011,0.0228657046095714,
2023-05-25,61,44240600011,8.56657840305655e-175,
2023-05-25,62,44240400011,0,
2023-05-25,63,44240400021,0,
2023-05-25,64,44240400031,0,
2023-05-25,65,44240400041,0,
2023-05-25,66,44240400051,0,
2023-05-25,67,44240400061,0,
2023-05-25,68,44240400071,0,
2023-05-25,69,44240400101,0,
2023-05-25,70,44240400111,0,
2023-05-25,71,44240400121,0,
2023-05-25,72,44240400131,9.26184437598378e-297,
2023-05-25,73,44240400541,5.99283064060097e-227,
2023-05-25,74,44240400551,1.08923730231142e-156,
2023-05-25,75,44240400561,-1.0595333616832e-255,
2023-05-25,76,44240400171,2.80213044504527e-75,
2023-05-25,77,44240400181,0.000901559547017,
2023-05-25,78,44240400191,2.50621047569334e-75,
2023-05-25,79,44240400201,-1.15048259994552e-64,
2023-05-25,80,44240400211,-0.0206367848732635,
2023-05-25,81,44240200011,0,
2023-05-25,82,44240200021,0,
2023-05-25,83,44240200031,0,
2023-05-25,84,44240200041,0,
2023-05-25,85,44240200051,0,
2023-05-25,86,44240200061,0,
2023-05-25,87,44240200071,0,
2023-05-25,88,44240200081,0,
2023-05-25,89,44240200091,0,
2023-05-25,90,44240200101,0,
2023-05-25,91,44240200111,0,
2023-05-25,92,44240200211,0,
2023-05-25,93,44240200861,0,
2023-05-25,94,44240200971,0,
2023-05-25,95,44240200881,0,
2023-05-25,96,44240200981,0,
2023-05-25,97,44240200991,0,
2023-05-25,98,44240201001,0,
2023-05-25,99,44240201011,0,
2023-05-25,100,44240200121,0,
2023-05-25,101,44240200131,0,
2023-05-25,102,44240200141,0,
2023-05-25,103,44240200221,0,
2023-05-25,104,44240200231,0,
2023-05-25,105,44240200351,0,
2023-05-25,106,44240200361,0,
2023-05-25,107,44240200371,0,
2023-05-25,108,44240200381,0,
2023-05-25,109,44240200391,0,
2023-05-25,110,44240200401,0,
2023-05-25,111,44240200411,0,
2023-05-25,112,44240200421,0,
2023-05-25,113,44240200431,0,
2023-05-25,114,44240200531,0,
2023-05-25,115,44240200541,0,
2023-05-25,116,44240200441,0,
2023-05-25,117,44240200461,0,
2023-05-25,118,44240200454,0,
2023-05-25,119,44240200261,0,
2023-05-25,120,44240200551,0,
2023-05-25,121,44240200561,0,
2023-05-25,122,44240200571,0,
2023-05-25,123,44240200581,0,
2023-05-25,124,44240200601,0,
2023-05-25,125,44240200594,0,
2023-05-25,126,44240200621,0,
2023-05-25,127,44240200614,0,
2023-05-25,128,44240200631,0,
2023-05-25,129,44240200641,0,
2023-05-25,130,44240200271,0,
2023-05-25,131,44240200281,0,
2023-05-25,132,44240200301,0,
2023-05-25,133,44240200291,0,
2023-05-25,134,44230000811,0,
2023-05-25,135,44240200871,0,
2023-05-25,136,44230000801,0,
2023-05-25,137,44230000791,0,
2023-05-25,138,44230000681,0,
2023-05-25,139,44230000671,0,
2023-05-25,140,,0,
2023-05-30,1,44230000831,-0.043818386852492,0.0448081564112405
2023-05-30,2,44230000821,-0.0438183863471791,0.0448081562339626
2023-05-30,3,44230000841,-0.0438183871658889,0.0448081565211877
2023-05-30,4,44230000851,-0.0438183874792062,0.044808156631106
2023-05-30,5,44230000861,-0.0438183877910817,0.0448081567405177
2023-05-30,6,44230000871,-0.043818388138284,0.0448081568623216
2023-05-30,7,44250000011,-0.0497258330014286,0.0449276775146214
2023-05-30,8,44250000021,-0.0497258336457761,0.0449276776880234
2023-05-30,9,44250000031,-0.0497258342889189,0.0449276778610975
2023-05-30,10,44250000041,-0.0497258346502091,0.0449276779583215
2023-05-30,11,44250000061,-0.044738561637703,0.0450450433434053
2023-05-30,12,44250000421,-0.00691605485813384,0.155650199752456
2023-05-30,13,44250000431,-0.0069160549426209,0.155650201666044
2023-05-30,14,44250000071,-0.0465686831772143,0.0474875320080634
2023-05-30,15,44250000081,-0.0465686834533227,0.0474875321574302
2023-05-30,16,44250000091,-0.0465686837277145,0.0474875323058676
2023-05-30,17,44250000101,-0.0465686840039618,0.0474875324553081
2023-05-30,18,44250000111,-0.0465686845700965,0.0474875327615659
2023-05-30,19,44250000131,-0.0485849202775207,0.0501704332484849
2023-05-30,20,44250000141,-0.0485849209020747,0.0501704335936771
2023-05-30,21,44250000151,-0.0485849212240979,0.0501704337716587
2023-05-30,22,44250000181,-0.0507222347832072,0.0529722211125534
2023-05-30,23,44250000191,-0.0507222351349636,0.0529722213106897
2023-05-30,24,44250000371,-0.054895247081315,0.0597905493330351
2023-05-30,25,44250000381,-0.0548952474068376,0.0597905495341204
2023-05-30,26,44250000391,-0.0548952477341132,0.0597905497362878
2023-05-30,27,44250000401,-0.054895248411413,0.0597905501546726
2023-05-30,28,44271000011,-0.0678432218317416,0.110900494434325
2023-05-30,29,44261000011,-0.036873070565634,0.121908860942529
2023-05-30,30,44261000061,-0.00691620327237496,0.155650040456105
2023-05-30,31,44261000024,-0.0368730705834544,0.121908860999034
2023-05-30,32,44261000031,-0.0418265686860176,0.140609874412198
2023-05-30,33,44250000201,-0.0128441297202196,0.154661455685044
2023-05-30,34,44250000211,-0.0128441298080281,0.154661456746269
2023-05-30,35,44250000221,-0.0128441298961673,0.154661457811493
2023-05-30,36,44250000231,-0.0128441299842733,0.154661458876314
2023-05-30,37,44250000161,-0.006586716724213,0.155687433419628
2023-05-30,38,44250000121,-0.00691606129014188,0.155650029156474
2023-05-30,39,44250000051,-0.0510756172394023,0.0451267936738554
2023-05-30,40,44240100011,-0.00640943929056202,0.0448071984007505
2023-05-30,41,44240300011,-0.0801337649860142,0.0512727993787706
2023-05-30,42,44240300021,-0.0801337658772549,0.0512727993017039
2023-05-30,43,44240500011,0.0432341552833805,0.0468542127388849
2023-05-30,44,44240500021,0.0432341556084332,0.0468542131682492
2023-05-30,45,44240500031,0.0432341559326648,0.0468542135965278
2023-05-30,46,44240500041,0.0432341562571547,0.0468542140251468
2023-05-30,47,44240500051,0.043234156581681,0.046854214453813
2023-05-30,48,44240500061,0.0432341569059064,0.0468542148820807
2023-05-30,49,44240500071,0.0432341573281337,0.0468542154397974
2023-05-30,50,44240500081,0.0432341579434664,0.0468542162525824
2023-05-30,51,44240500091,0.0432341585373748,0.0468542170370654
2023-05-30,52,44240500101,0.0432341591092027,0.0468542177923798
2023-05-30,53,44240500211,0.043234159439484,0.0468542182286393
2023-05-30,54,44240500221,0.0432341597703132,0.0468542186656218
2023-05-30,55,44240500231,0.0432341601446262,0.0468542191600395
2023-05-30,56,44240500241,0.0432341604906541,0.0468542196170953
2023-05-30,57,44240500251,0.0432341608377705,0.0468542200755877
2023-05-30,58,44240500121,-0.0446897272066715,0.154137645368484
2023-05-30,59,44240500111,0.0598170554174481,0.045362362451457
2023-05-30,60,44240700011,0.0717221148485178,0.0890005574118093
2023-05-30,61,44240600011,0.0362854187772148,0.141938776974995
2023-05-30,62,44240400011,-0.202090616823818,0.0716363157509125
2023-05-30,63,44240400021,-0.202090619211412,0.0716363145248918
2023-05-30,64,44240400031,-0.202090621534258,0.0716363133320874
2023-05-30,65,44240400041,-0.202090623023849,0.0716363125671516
2023-05-30,66,44240400051,-0.202090624507067,0.0716363118054757
2023-05-30,67,44240400061,-0.202090626930753,0.0716363105608147
2023-05-30,68,44240400071,-0.202090629346913,0.0716363093199855
2023-05-30,69,44240400101,-0.202090630554714,0.0716363086997015
2023-05-30,70,44240400111,-0.202090631766762,0.0716363080772278
2023-05-30,71,44240400121,-0.202090632984464,0.071636307451842
2023-05-30,72,44240400131,-0.202090634409779,0.0716363067198202
2023-05-30,73,44240400541,-0.202090635764937,0.0716363060238189
2023-05-30,74,44240400551,-0.202090637128803,0.0716363053233348
2023-05-30,75,44240400561,-0.0502761439209745,0.153625140324573
2023-05-30,76,44240400171,-0.234622316164893,0.0893646511953925
2023-05-30,77,44240400181,-0.234622317786378,0.0893646504977351
2023-05-30,78,44240400191,-0.234622319408962,0.0893646497995928
2023-05-30,79,44240400201,-0.234622322236899,0.0893646485827999
2023-05-30,80,44240400211,-0.234622323648548,0.0893646479753872
2023-05-30,81,44240200011,0.104770863635457,0.0474145818530014
2023-05-30,82,44240200021,0.104770864513672,0.0474145825633908
2023-05-30,83,44240200031,0.104770865925435,0.0474145837053532
2023-05-30,84,44240200041,0.10477086734041,0.0474145848498974
2023-05-30,85,44240200051,0.104770868754836,0.0474145859939796
2023-05-30,86,44240200061,0.104770869791653,0.0474145868326159
2023-05-30,87,44240200071,0.104770870549516,0.0474145874456119
2023-05-30,88,44240200081,0.104770871303892,0.0474145880557829
2023-05-30,89,44240200091,0.104770872060569,0.0474145886678103
2023-05-30,90,44240200101,0.104770872815961,0.0474145892787928
2023-05-30,91,44240200111,0.10477087356915,0.0474145898879891
2023-05-30,92,44240200211,-0.0623793960728038,0.15230036972302
2023-05-30,93,44240200861,-0.0623793965094778,0.152300370741701
2023-05-30,94,44240200971,-0.0623793978174868,0.152300373793046
2023-05-30,95,44240200881,-0.062379397381258,0.152300372775405
2023-05-30,96,44240200981,-0.0623793982646644,0.152300374836228
2023-05-30,97,44240200991,-0.0623793987112908,0.152300375878124
2023-05-30,98,44240201001,-0.062379399156702,0.152300376917185
2023-05-30,99,44240201011,-0.0623793996027095,0.152300377957636
2023-05-30,100,44240200121,0.138051909680294,0.044940708953956
2023-05-30,101,44240200131,0.138051910916333,0.0449407098491117
2023-05-30,102,44240200141,0.138051912520904,0.0449407110111428
2023-05-30,103,44240200221,0.138051913371886,0.0449407116274151
2023-05-30,104,44240200231,0.138051914218449,0.0449407122404805
2023-05-30,105,44240200351,0.138051915067754,0.0449407128555247
2023-05-30,106,44240200361,0.138051916438458,0.0449407139682453
2023-05-30,107,44240200371,0.151731401331725,0.0451551035947635
2023-05-30,108,44240200381,0.151731401970877,0.0451551042478949
2023-05-30,109,44240200391,0.151731403000271,0.0451551051550995
2023-05-30,110,44240200401,0.151731404029167,0.0451551060618545
2023-05-30,111,44240200411,0.151731405055653,0.045155106966477
2023-05-30,112,44240200421,0.151731406083847,0.0451551078725954
2023-05-30,113,44240200431,0.151731407119369,0.0451551087851619
2023-05-30,114,44240200531,0.0727585005857066,0.146629917593343
2023-05-30,115,44240200541,0.0727585013448401,0.146629919199338
2023-05-30,116,44240200441,0.183111371811879,0.0793108322936003
2023-05-30,117,44240200461,0.183111373830909,0.0793108339642671
2023-05-30,118,44240200454,0.18311137186887,0.0793108323407584
2023-05-30,119,44240200261,0.115052944438507,0.0472556519445966
2023-05-30,120,44240200551,0.12228630600802,0.1142684488641
2023-05-30,121,44240200561,0.122286306906454,0.114268449825084
2023-05-30,122,44240200571,0.122286307802322,0.114268450783321
2023-05-30,123,44240200581,0.122286308694932,0.114268451738071
2023-05-30,124,44240200601,0.122286309650917,0.114268452760604
2023-05-30,125,44240200594,0.122286308732263,0.114268451778
2023-05-30,126,44240200621,0.122286311252435,0.114268454473598
2023-05-30,127,44240200614,0.122286309684799,0.114268452796844
2023-05-30,128,44240200631,0.122286312815885,0.114268456145865
2023-05-30,129,44240200641,0.122286314375986,0.114268457814542
2023-05-30,130,44240200271,0.10676858343637,0.125465435375616
2023-05-30,131,44240200281,0.106768584218112,0.125465436359266
2023-05-30,132,44240200301,0.106768586335598,0.125465439023645
2023-05-30,133,44240200291,0.106768585239807,0.12546543764484
2023-05-30,134,44230000811,-0.0438183859472691,0.0448081560936614
2023-05-30,135,44240200871,-0.0623793969451528,0.152300371758051
2023-05-30,136,44230000801,-0.0438183856439907,0.0448081559872606
2023-05-30,137,44230000791,-0.0438183853402758,0.0448081558807059
2023-05-30,138,44230000681,-0.0438183850371082,0.0448081557743424
2023-05-30,139,44230000671,-0.043818384733799,0.0448081556679283
2023-05-30,140,,-0.0438183844298642,0.0448081555612939
2023-06-04,1,44230000831,-0.0299286677213092,0.0245114571161519
2023-06-04,2,44230000821,-0.0256615659141476,0.0266618761897063
2023-06-04,3,44230000841,-0.0289450757905774,0.0261594740249367
2023-06-04,4,44230000851,-0.0282252744985286,0.0271895617718984
2023-06-04,5,44230000861,-0.0277639753160161,0.0276705337965805
2023-06-04,6,44230000871,-0.0275449057050947,0.0275892404176279
2023-06-04,7,44250000011,-0.0308141538739507,0.0291371750580416
2023-06-04,8,44250000021,-0.0330752804606456,0.0274071538176811
2023-06-04,9,44250000031,-0.0363199331973199,0.0240354236237235
2023-06-04,10,44250000041,-0.0438974631596299,0.0249415782862469
2023-06-04,11,44250000061,-0.0457812659476091,0.0251061902794966
2023-06-04,12,44250000421,-0.0403688740069193,0.0276975820608307
2023-06-04,13,44250000431,-0.0473298866480849,0.0398172520628266
2023-06-04,14,44250000071,-0.0437952241415538,0.0241459459968619
2023-06-04,15,44250000081,-0.0440228141733843,0.0242522457262987
2023-06-04,16,44250000091,-0.0461953368206298,0.0250147130072256
2023-06-04,17,44250000101,-0.045469916397131,0.0251599517203182
2023-06-04,18,44250000111,-0.0421054130799961,0.0252925291529267
2023-06-04,19,44250000131,-0.0376234544221038,0.0255447355841416
2023-06-04,20,44250000141,-0.0276326452956962,0.0243454445226267
2023-06-04,21,44250000151,-0.0268509475800517,0.0246438841282375
2023-06-04,22,44250000181,-0.027717656515769,0.0264349783680258
2023-06-04,23,44250000191,-0.029737118829893,0.0323892417546036
2023-06-04,24,44250000371,-0.033850823873158,0.0453825580200495
2023-06-04,25,44250000381,-0.0362333695830521,0.0508305182309346
2023-06-04,26,44250000391,-0.0388724518840199,0.0566491063123764
2023-06-04,27,44250000401,-0.0451888118706832,0.070072044422869
2023-06-04,28,44271000011,-0.0659538942029813,0.175614361364953
2023-06-04,29,44261000011,-0.0318262983455103,0.18044870497936
2023-06-04,30,44261000061,-0.00658933769498165,0.263032146586009
2023-06-04,31,44261000024,-0.0320249574443817,0.181624455117462
2023-06-04,32,44261000031,-0.0404847338755029,0.234467646929727
2023-06-04,33,44250000201,-0.0119179099179918,0.197698588769911
2023-06-04,34,44250000211,-0.0130121937807808,0.216394522533653
2023-06-04,35,44250000221,-0.0142227910843274,0.237030518319381
2023-06-04,36,44250000231,-0.015555706594028,0.259709756909278
2023-06-04,37,44250000161,-0.0325711977861416,0.0277520419666263
2023-06-04,38,44250000121,-0.0438965006190569,0.0277355269197635
2023-06-04,39,44250000051,-0.0473469858238729,0.02753942251046
2023-06-04,40,44240100011,-0.0105848155818683,0.0265452459004119
2023-06-04,41,44240300011,-0.0297105403977017,0.0269679098177269
2023-06-04,42,44240300021,-0.0274282957012898,0.0303682460557181
2023-06-04,43,44240500011,0.032308338259167,0.0302801904310132
2023-06-04,44,44240500021,0.063867422450125,0.0239536612269775
2023-06-04,45,44240500031,0.0752803231641599,0.0239311648756832
2023-06-04,46,44240500041,0.0847161504822761,0.0241864885935492
2023-06-04,47,44240500051,0.0832774018536239,0.0245209988125931
2023-06-04,48,44240500061,0.075189202614091,0.0284625911041481
2023-06-04,49,44240500071,0.0787368571869996,0.0351726607553328
2023-06-04,50,44240500081,0.0859182511456252,0.0440491792008701
2023-06-04,51,44240500091,0.0952972538677519,0.0524378764247033
2023-06-04,52,44240500101,0.106846368421092,0.0609854483123486
2023-06-04,53,44240500211,0.114758806215902,0.066369126350076
2023-06-04,54,44240500221,0.123679484852357,0.0722475512414642
2023-06-04,55,44240500231,0.135071349140334,0.0796661009452239
2023-06-04,56,44240500241,0.146934309633285,0.0874440258927857
2023-06-04,57,44240500251,0.160236373252156,0.0963497378676885
2023-06-04,58,44240500121,0.0719007310650257,0.25899250115522
2023-06-04,59,44240500111,0.186543630065832,0.121584431193982
2023-06-04,60,44240700011,0.246102675497588,0.200589156408592
2023-06-04,61,44240600011,0.12325506419551,0.249413417933403
2023-06-04,62,44240400011,-0.0341026856300123,0.0305004716522333
2023-06-04,63,44240400021,-0.0243939730044015,0.0310366634328192
2023-06-04,64,44240400031,-0.0155582732918873,0.0312811553976778
2023-06-04,65,44240400041,-0.0101064692145671,0.0312720305603773
2023-06-04,66,44240400051,-0.00477938549424732,0.0311211560960507
2023-06-04,67,44240400061,0.00384658655739578,0.0305282319080798
2023-06-04,68,44240400071,0.0125479463099247,0.0294086838914196
2023-06-04,69,44240400101,0.0170079385506736,0.0285942423552651
2023-06-04,70,44240400111,0.0215970350459051,0.0275595349600133
2023-06-04,71,44240400121,0.0263528307226366,0.0262492279618552
2023-06-04,72,44240400131,0.0321474977815502,0.024270958022385
2023-06-04,73,44240400541,0.0225859003956085,0.0236761594454827
2023-06-04,74,44240400551,0.0168004294935702,0.0238382984677887
2023-06-04,75,44240400561,0.00257509830201828,0.0285476003775349
2023-06-04,76,44240400171,0.00513093717465652,0.0251995949647872
2023-06-04,77,44240400181,-0.00169687517048906,0.0269195136850741
2023-06-04,78,44240400191,-0.00854421018081006,0.0267884698739266
2023-06-04,79,44240400201,-0.0152319121696595,0.0292515310089943
2023-06-04,80,44240400211,-0.0164775594989486,0.0349071898132332
2023-06-04,81,44240200011,0.016046870056991,0.0365671838428126
2023-06-04,82,44240200021,0.017980831003167,0.0368341209233615
2023-06-04,83,44240200031,0.0215252566559242,0.0372619048882406
2023-06-04,84,44240200041,0.0257087999910271,0.0376560845934668
2023-06-04,85,44240200051,0.0306447174929279,0.0379634626600929
2023-06-04,86,44240200061,0.0348245227171609,0.0380938685764368
2023-06-04,87,44240200071,0.0382224336954954,0.0381166132775168
2023-06-04,88,44240200081,0.0419236701020051,0.0380616123929545
2023-06-04,89,44240200091,0.0459869162220083,0.0379122657066407
2023-06-04,90,44240200101,0.0504275163360457,0.0376520031672256
2023-06-04,91,44240200111,0.0552743183128431,0.0372650631679299
2023-06-04,92,44240200211,-0.000383619684300307,0.12613957862318
2023-06-04,93,44240200861,-0.000416619213185699,0.137832035101363
2023-06-04,94,44240200971,-0.000539225101171572,0.180721343410754
2023-06-04,95,44240200881,-0.00049402878256927,0.164984036595755
2023-06-04,96,44240200981,-0.000590580221617637,0.19853562088861
2023-06-04,97,44240200991,-0.000647428682066804,0.218194386585584
2023-06-04,98,44240201001,-0.000710185101868211,0.239841721215385
2023-06-04,99,44240201011,-0.000779680949199516,0.263764819083785
2023-06-04,100,44240200121,0.0790910389367928,0.0352142524308406
2023-06-04,101,44240200131,0.0888110926047509,0.0330498949749098
2023-06-04,102,44240200141,0.103221522609737,0.029329486931432
2023-06-04,103,44240200221,0.11178587057882,0.0269462942119814
2023-06-04,104,44240200231,0.121008103961521,0.0243698550438715
2023-06-04,105,44240200351,0.122940579869884,0.0243873251332797
2023-06-04,106,44240200361,0.117780901825549,0.0273790748141651
2023-06-04,107,44240200371,0.150472656197882,0.0294734402200249
2023-06-04,108,44240200381,0.161512055650446,0.0335671608177743
2023-06-04,109,44240200391,0.173978645746241,0.0379378497302483
2023-06-04,110,44240200401,0.187937503150816,0.0429569740155709
2023-06-04,111,44240200411,0.203476051292625,0.0490037917786786
2023-06-04,112,44240200421,0.220788639972569,0.0564919688071638
2023-06-04,113,44240200431,0.240143757099277,0.0658648785110558
2023-06-04,114,44240200531,0.132738406781143,0.216409000061518
2023-06-04,115,44240200541,0.152076428682713,0.249799656272361
2023-06-04,116,44240200441,0.321295975125595,0.129680040256899
2023-06-04,117,44240200461,0.370941650503744,0.161370701492278
2023-06-04,118,44240200454,0.322594126451097,0.130454057234745
2023-06-04,119,44240200261,0.0568953098360759,0.0282128051123059
2023-06-04,120,44240200551,-0.0270273410479854,0.0241548616757317
2023-06-04,121,44240200561,-0.0362348802090887,0.0270724063927019
2023-06-04,122,44240200571,-0.0457732839854372,0.0291122256089586
2023-06-04,123,44240200581,-0.0499327310866088,0.0361960247841166
2023-06-04,124,44240200601,-0.0549298873593873,0.0440377857568639
2023-06-04,125,44240200594,-0.0501170188887956,0.0364951217962881
2023-06-04,126,44240200621,-0.0647129364854967,0.058541053827516
2023-06-04,127,44240200614,-0.0551179443265504,0.0443244309957125
2023-06-04,128,44240200631,-0.0762283099067011,0.0752188284166083
2023-06-04,129,44240200641,-0.0900009215094932,0.0952816452325091
2023-06-04,130,44240200271,0.160265839691096,0.0597432886862468
2023-06-04,131,44240200281,0.175914102970772,0.0656448339537205
2023-06-04,132,44240200301,0.227487601863829,0.0888299483963504
2023-06-04,133,44240200291,0.1989993129418,0.0752653299090085
2023-06-04,134,44230000811,-0.0227202749587146,0.0280366987822257
2023-06-04,135,44240200871,-0.000453275001259932,0.15072799105829
2023-06-04,136,44230000801,-0.0207166277633379,0.0289120996004618
2023-06-04,137,44230000791,-0.0188871678206822,0.0296625241697842
2023-06-04,138,44230000681,-0.017222134190558,0.0303011082300922
2023-06-04,139,44230000671,-0.0157032074527885,0.0308437394472248
2023-06-04,140,,-0.0143155181153108,0.0313037966792562
